{
  "best_metric": 0.9320388349514563,
  "best_model_checkpoint": "outputs/assignment7_roberta/checkpoint-38",
  "epoch": 1.0,
  "eval_steps": 500,
  "global_step": 38,
  "is_hyper_param_search": false,
  "is_local_process_zero": true,
  "is_world_process_zero": true,
  "log_history": [
    {
      "epoch": 0.2631578947368421,
      "grad_norm": 0.6090632677078247,
      "learning_rate": 0.0002173913043478261,
      "loss": 0.7124,
      "step": 10
    },
    {
      "epoch": 0.5263157894736842,
      "grad_norm": 1.7881437540054321,
      "learning_rate": 0.0004347826086956522,
      "loss": 0.6746,
      "step": 20
    },
    {
      "epoch": 0.7894736842105263,
      "grad_norm": 11.60769271850586,
      "learning_rate": 0.0004901960784313725,
      "loss": 0.4542,
      "step": 30
    },
    {
      "epoch": 1.0,
      "eval_accuracy": 0.93,
      "eval_f1": 0.9320388349514563,
      "eval_loss": 0.33171477913856506,
      "eval_precision": 0.9056603773584906,
      "eval_recall": 0.96,
      "eval_runtime": 0.4409,
      "eval_samples_per_second": 453.573,
      "eval_steps_per_second": 29.482,
      "step": 38
    }
  ],
  "logging_steps": 10,
  "max_steps": 380,
  "num_input_tokens_seen": 0,
  "num_train_epochs": 10,
  "save_steps": 500,
  "stateful_callbacks": {
    "TrainerControl": {
      "args": {
        "should_epoch_stop": false,
        "should_evaluate": false,
        "should_log": false,
        "should_save": true,
        "should_training_stop": false
      },
      "attributes": {}
    }
  },
  "total_flos": 17355299495424.0,
  "train_batch_size": 16,
  "trial_name": null,
  "trial_params": null
}
