{
  "best_metric": 0.9154228855721394,
  "best_model_checkpoint": "outputs/assignment7_roberta/checkpoint-38",
  "epoch": 1.0,
  "eval_steps": 500,
  "global_step": 38,
  "is_hyper_param_search": false,
  "is_local_process_zero": true,
  "is_world_process_zero": true,
  "log_history": [
    {
      "epoch": 0.2631578947368421,
      "grad_norm": 0.6294887065887451,
      "learning_rate": 0.0002173913043478261,
      "loss": 0.6971,
      "step": 10
    },
    {
      "epoch": 0.5263157894736842,
      "grad_norm": 3.855522871017456,
      "learning_rate": 0.0004347826086956522,
      "loss": 0.6227,
      "step": 20
    },
    {
      "epoch": 0.7894736842105263,
      "grad_norm": 7.275343894958496,
      "learning_rate": 0.0004901960784313725,
      "loss": 0.5447,
      "step": 30
    },
    {
      "epoch": 1.0,
      "eval_accuracy": 0.915,
      "eval_f1": 0.9154228855721394,
      "eval_loss": 0.31530970335006714,
      "eval_precision": 0.9108910891089109,
      "eval_recall": 0.92,
      "eval_runtime": 0.3645,
      "eval_samples_per_second": 548.696,
      "eval_steps_per_second": 35.665,
      "step": 38
    }
  ],
  "logging_steps": 10,
  "max_steps": 380,
  "num_input_tokens_seen": 0,
  "num_train_epochs": 10,
  "save_steps": 500,
  "stateful_callbacks": {
    "TrainerControl": {
      "args": {
        "should_epoch_stop": false,
        "should_evaluate": false,
        "should_log": false,
        "should_save": true,
        "should_training_stop": false
      },
      "attributes": {}
    }
  },
  "total_flos": 17355299495424.0,
  "train_batch_size": 16,
  "trial_name": null,
  "trial_params": null
}
